momento_aparicion,momento_recogida
542,51.48944
558,55.814575
539,84.1626
559,70.14215
548,94.21515
534,62.273743
541,69.675415
542,52.135193
556,63.85205
579,84.92474
612,62.66687
615,70.10089
566,126.63092
571,148.36798
570,159.50781
